{
    "name": "template1",
    "file_path_irradiation":"data/env/irradiation_h_template1.csv",
    "file_path_weather": "data/env/weather_h_template1.csv",
    "file_path_load": "data/load/load_profile_h_template1.csv",
    "file_path_economic": "data/cost/economics.json",
    "file_path_components": {"pv": "data/cases/template1/components/photovoltaic.json",
                             "bat": "data/cases/template1/components/battery.json",
                             "grid_el": "data/cases/template1/components/grid_electricity.json",
                             "hp": "data/cases/template1/components/heat_pump_aw.json",
                             "tes_h": "data/cases/template1/components/heat_storage.json",
                             "ely": "data/cases/template1/components/electrolyzer.json",
                             "fc": "data/cases/template1/components/fuelcell.json",
                             "h2": "data/cases/template1/components/hydrogen_storage.json"},
    "timestep": 3600,
    "simulation_steps": 8760,
    "milp_obj_fct": "min_opex",
    "milp_solver": "gurobi",
    "milp_debug": "False",
    "milp_solver_options": {"MIPGap":0.005,
                           "Method":-1,
                           "MIPFocus":0,
                           "Cuts":-1,
                           "WorkLimit":4000},
    "ga_processes": 60,
    "ga_pop_size": 30,
    "ga_alg_runs": 1800,
    "ga_constraints": {"pv_1": 0.0,
                       "pv_2": 17.22,
                       "bat_1": 0.0,
                       "bat_2": 68.88,
                       "hp_1": 3.36,
                       "hp_2": 53.80,
                       "tes_h_1": 11.27,
                       "tes_h_2": 315.47,
                       "ely_1": 0.0,
                       "ely_2": 17.2,
                       "fc_1": 0.0,
                       "fc_2": 17.22,
                       "h2_1": 0.0,
                       "h2_2": 16165.33},
    "h2_min_sizes" : [0.5, 0.5, 50],
    "pv_direction_dist" : [0.5, 0.0, 0.5],
    "file_path_ga_problem": "./data/cases/template1",
    "file_path_results": "results/platypus/"
}