{
    "name": "Battery_sz_sb",
    "specification": "lithium_lfp",
    "state_of_charge_balanced": "True",
    "state_of_charge_initial": 0.5,
    "c_rate_max": 1.0,
    "end_of_discharge": 0.1,
    "end_of_charge": 1.0,
    "power_efficiency": 0.9590,
    "performance_piecewise": "False",
    "pwa_alpha_ch": [0.98515, 0.96758, 0.94861, 0.92841],
    "pwa_beta_ch": [-0.00132, 0.00342, 0.01336, 0.02886],
    "pwa_alpha_dch": [0.98592, 0.96449, 0.94326, 0.92222],
    "pwa_beta_dch": [-0.00157, 0.00376, 0.01433, 0.03006],
    "power_ch_norm_min": 0.00134,
    "power_dch_norm_min": 0.00160,
    "power_norm_max": 1.0,
    "pwa_efficiency_ref": 0.95228,
    "self_discharge_rate": 2.78e-08,  
    "charge_power_efficiency_a": -0.0224,
    "charge_power_efficiency_b": 1.0,
    "discharge_power_efficiency_a": -0.0281,
    "discharge_power_efficiency_b": 1.0,
    "end_of_discharge_a": 0.0394,
    "end_of_discharge_b": -0.0211,
    "end_of_charge_a": -0.0361,
    "end_of_charge_b": 1.1410,
    "end_of_life_condition": 0.8,
    "counter_mc": 0,
    "energy_mc": 0,
    "depth_of_discharge_mc": 0,
    "temperature_mc": 0,
    "cycle_life_loss": 0,
    "cycle_aging_p4": 0.0,
    "cycle_aging_p3": -19047.619,
    "cycle_aging_p2": 47142.8571,
    "cycle_aging_p1": -43380.9523,
    "cycle_aging_p0": 17285.7142,
    "cycle_aging_pl0": 1.0,
    "cycle_aging_pl1": 0.0,
    "calendric_aging_p5": 0.0,
    "calendric_aging_p3": 0.0,
    "calendric_aging_p1": 0.0,
    "calendric_aging_p0": 0.0,
    "heat_transfer_coefficient": 2,
    "heat_capacity": 850,
    "energy_density_kg": 0.150,
    "energy_density_m2": 5.843,
    "capex_p1": 1465.6,
    "capex_p2": -0.1630,
    "subsidy_percentage_capex": 0.19,
    "subsidy_limit": 100000000.0,
    "opex_fix_p1": 0.02,
    "opex_var": 0.0
}