{
    "name": "Electrolyzer_sz1_3",
    "specification": "PEM electrolyzer",
    "power_norm_min": 0.1,
    "power_norm_max": 1.0,
    "power_thermal_frac": 0.0,
    "efficiency_h2": 0.5259,
    "performance_piecewise": "False",
    "pwa_alpha": [0.615927,0.559282,0.509012,0.458945],
    "pwa_beta": [-0.022493,-0.006265,0.017629,0.055053],
    "heating_value_kg": 33.33,
    "heating_value_Nm": 3.0,
    "efficiency_nominal": 0.6947,
    "efficiency_el_a": 0.732371,
    "efficiency_el_b": -0.236654,
    "efficiency_el_c": -1.57696,
    "efficiency_el_d": -29.832,
    "efficiency_el_e": 0.0,
    "efficiency_th_a": 0.0876978,
    "efficiency_th_b": 0.329614,
    "efficiency_th_c": -0.00676109,
    "end_of_life_operation": 144000000,
    "end_of_life_cycles": 0,
    "capex_p1": 9396.5,
    "capex_p2": -0.3550,
    "subsidy_percentage_capex": 0.19,
    "subsidy_limit": 100000000.0,
    "opex_fix_p1": 0.035,
    "opex_var": 0.0
}