{
    "name": "Fuelcell_sz1_2",
    "specification": "PEM fuelcell",
    "power_norm_min": 0.058,
    "power_norm_max": 1.0,
    "power_thermal_frac": 1.50,
    "efficiency_el": 0.5184,
    "performance_piecewise": "False",
    "pwa_alpha": [0.615512,0.493683,0.380118,0.265126],
    "pwa_beta": [-0.009986,0.021528,0.078930,0.165880],
    "pwa_efficiency_ref": 0.4310,
    "heating_value_kg": 33.33,
    "heating_value_Nm": 3.0,
    "operation_point_optimum": 0.3,
    "battery_soc_min": 0.2,
    "efficiency_el_a": 0.780853,
    "efficiency_el_b": -0.76438,
    "efficiency_el_c": -0.800804,
    "efficiency_el_d": -9.55679,
    "efficiency_el_e": 0.0,
    "efficiency_th_a": 0.291707,
    "efficiency_th_b": 0.586111,
    "efficiency_th_c": -0.292195,
    "efficiency_th_d": -6.57437,
    "efficiency_th_e": 0.0,
    "end_of_life_operation": 108000000,
    "end_of_life_cycles": 0,
    "capex_p1": 3708.5,
    "capex_p2": -0.2430,
    "subsidy_percentage_capex": 0.19,
    "subsidy_limit": 100000000.0,
    "opex_fix_p1": 0.04,
    "opex_var": 0.0
}
