{
    "name": "Heat_storage_sz1_sfh",
    "specification": "-",
    "state_of_charge_initial": 0.5,
    "state_of_charge_balanced": "True", 
    "coeff_loss_flex": 0.005,
    "coeff_loss_static": 0.001,
    "end_of_charge_constant": 1.0,
    "end_of_discharge_constant": 0.0,
    "efficiency_constant": 0.95,
    "c_rate_max": 0.25,
    "density_fluid": 1060.0,
    "heat_capacity_fluid": 4182.0,
    "temperature_minimum": 298.15,
    "temperature_maximum": 323.15,
    "temperature_ambient": 291.15,
    "end_of_life": 946080000,
    "capex_p1": 114.4,
    "capex_p2": -0.3270,
    "subsidy_percentage_capex": 0.35,
    "subsidy_limit": 3000.0,
    "opex_fix_p1": 0.015,
    "opex_var": 0.0
}
