{
    "name": "Hydrogen_sz1_2",
    "specification": "Hydrogen Storage",
    "state_of_charge_balanced": "True",
    "state_of_charge_initial": 0.5,
    "end_of_charge": 1.0,
    "end_of_discharge": 0.1071,
    "self_discharge_rate": 0.0,
    "heating_value_kg": 33.33,
    "heating_value_Nm": 3.0,          
    "end_of_life": 946080000,              
    "capex_p1": 19.5,
    "capex_p2": -0.0420,
    "subsidy_percentage_capex": 0.19,
    "subsidy_limit": 100000000.0,
    "opex_fix_p1": 0.02,
    "opex_var": 0.0   
}