{
    "name": "PV_sz1_sfh",
    "location_latitude": 52.5210,
    "location_longitude": 13.3929,
    "location_altitude": 36.0,
    "location_tz": "UTC",
    "module_type": "glass_glass",   
    "arrays_number": 3,
    "system_tilt": [35,0,35], 
    "system_azimuth": [90,0,270],
    "gamma_pdc": [-0.004,0,-0.004],
    "albedo": 0.25,
    "transposition_model": "isotropic",
    "solar_position_method": "nrel_numpy",
    "airmass_model": "kastenyoung1989",
    "dc_model": "pvwatts",
    "ac_model": "pvwatts",
    "aoi_model": "no_loss", 
    "spectral_model": "no_loss",         
    "temperature_model": "sapm",
    "temperature_model_parameters": {"a":-3.47, "b":-0.0594, "deltaT":3.0},
    "dc_ohmic_model": "no_loss", 
    "losses_model": "pvwatts",
    "losses_parameters": {"soiling": 2.0,"shading": 3.0,"snow": 0.0,"mismatch": 2.0,"wiring": 2.0,"connections": 0.5,"lid":0.0,"nameplate_rating": 1.0,"age": 0.0,"availability":3.0},
    "inverter_model": "pvwatts",
    "inverter_efficiency_nom": 0.98,
    "inverter_oversizing_ratio": 1.30,
    "degradation_pv": 2.31481e-10,
    "end_of_life_condition": 0.8,
    "capex_p1": 1661.7,
    "capex_p2": -0.1210,
    "subsidy_percentage_capex": 0.19,
    "subsidy_limit": 100000000.0,
    "opex_fix_p1": 0.02,
    "opex_var": 0.0                 
}